Score,Player_Name,Position,Team,Opposing_TeamFB,B2B,Salary,ImpPts,PtVal,MinutesProj,ProjPlusMinus,OppPlusMinus,Floor,AvgPts,Ceiling,Month_PPG,Season_PPG,Usage,UsageProj,PaceD,PER,Trend,MyTrends,Month_Salary_Change,Season_Salary_Change,Total,Pts,OppPts,Spread,Vegas,Run_Change,Season_Plus_Minus,Plus_Minus,Days_Between_games,OfficialPlusMinus,Refs,InjuryStatus,OppPlusMinusPct,Site_Salary,CeilingPct,Consistency,Month_Count,Season_Count,Confirmed,FloorPct,Pro_Pct,PtPerDPct,FloorPtPerDPct,ProjPlusMinusPct,Upside,FantasyResultId,SpreadPct,ProjPct,Season_PPG_Percentile,Salary_Movement,MyTrends|custom,ActualPoints,IsLocked,Month_X2,Month_X1,Month_X0,Season_X2,Season_X1,Season_X0,SourceId,PlayerId,EventTeamId,PositionId,EventId
84.33, Alexis Ajinca,PF,NO,@LAC,  ,10,12.21,2280.0,22.8,10.6,2.8,6.8,22.8,38.8,,,17.0,20.7,-0.4,15.43,0,0,0,-2,204.0,97.3,106.8,9.5,43,-1.0,,50,2,0.0,"Brent Barnaky, Dedric Taylor, Derek Richardson, Leon Wood, Marc Davis, Mike Callahan",,77,99,70,,,0,,51,0,99,30,99,,1246919,36,71,,89,0,,False,,,,,,,11,12203,30197001,201,3019700
83.3, Cody Zeller,C,CHR,@DEN,2A,13,15.84,1830.8,30.0,8.0,3.9,6.4,23.8,41.2,,,14.5,15.67,-1.1,15.8,0,0,3,-4,198.5,98.0,100.5,2.5,48,-2.0,,50,1,0.0,"Ben Taylor, Eric Dalen, James Capers",,83,99,74,,,0,,49,0,98,26,99,,1247075,58,75,,1,0,,False,,,,,,,11,12452,30197501,201,3019750
82.91, Rodney Stuckey,PG,IND,@HOU,  ,10,12.21,2000.0,27.0,7.8,3.5,6.2,20.0,33.8,,,19.7,21.39,0.3,12.59,0,0,-3,-11,207.0,102.8,104.3,1.5,75,0.5,,50,2,-0.1,"Josh Tiven, Lauren Holtkamp, Monty McCutchen",,81,99,54,,,0,,48,0,99,29,98,,1247012,47,64,,98,0,,False,,,,,,,11,12166,30197301,201,3019730
82.48, Terrence Jones,PF,HOU,IND,  ,13,15.84,1584.6,21.7,4.8,6.1,6.4,20.6,34.8,,,18.4,19.19,-0.3,14.79,0,0,-8,-5,207.0,104.3,102.8,-1.5,81,1.0,,50,3,-0.1,"Josh Tiven, Lauren Holtkamp, Monty McCutchen",,92,95,57,,,0,,49,0,95,26,96,,1247030,53,67,,100,0,,False,,,,,,,11,12386,30197302,201,3019730
82.18, Lou Williams,SG,LAL,UTA,  ,22,26.71,1404.6,36.9,4.2,5.7,18.3,30.9,43.5,,,21.0,24.95,-5.3,17.61,0,0,8,1,192.0,94.8,97.3,2.5,28,-1.5,,50,2,0.1,"Brett Nansel, John Goble, Kevin Scott",,91,89,78,,,0,,89,0,89,37,94,,1247138,27,87,,0,0,,False,,,,,,,11,12032,30197702,201,3019770
82.14, Michael Carter-Williams,PG,MIL,@NY,  ,27,32.75,1359.3,41.2,4.0,3.3,22.4,36.7,51.0,,,22.5,22.45,-0.1,15.74,0,0,6,1,197.5,96.0,101.5,5.5,36,-3.0,,50,2,-0.2,"Bill Kennedy, David Guthrie, Eli Roe",,79,89,91,,,0,,95,0,88,37,93,,1247044,46,96,,0,0,,False,,,,,,,11,12466,30197401,201,3019740
81.43, Jeff Green,PF,MEM,BOS,  ,19,23.09,1368.4,34.1,2.9,8.3,12.6,26.0,39.4,,,18.0,21.35,4.9,11.6,0,0,0,1,191.5,94.3,97.3,3.0,25,-1.2,,50,2,0.2,"Ed Malloy, Eric Lewis, J.T. Orr",,96,89,71,,,0,,75,0,88,29,90,,1246995,42,78,,89,0,,False,,,,,,,11,12160,30197202,201,3019720
81.38, Steven Adams,C,OKC,@POR,  ,10,12.21,1880.0,24.1,6.6,2.9,4.5,18.8,33.1,,,10.9,13.36,-1.6,14.71,0,0,0,-9,215.0,111.3,103.8,-7.5,96,1.0,,50,2,-0.1,"Curtis Blair, Derrick Collins, Scott Foster",,78,99,51,,,0,,40,0,98,26,98,,1247104,75,60,,89,0,,False,,,,,,,11,12478,30197601,201,3019760
81.35, Norris Cole,SG,NO,@LAC,  ,12,14.63,1650.0,27.6,5.2,7.6,8.1,19.8,31.5,,,19.8,22.01,-0.4,6.75,0,0,2,-2,204.0,97.3,106.8,9.5,43,-1.0,,50,2,0.0,"Brent Barnaky, Dedric Taylor, Derek Richardson, Leon Wood, Marc Davis, Mike Callahan",,95,97,45,,,0,,61,0,97,29,97,,1246929,36,63,,5,0,,False,,,,,,,11,12344,30197001,201,3019700
81.19, John Henson,C,MIL,@NY,  ,10,12.21,1830.0,19.2,6.1,3.6,3.9,18.3,32.7,,,17.9,18.74,-0.1,20.6,0,0,0,-7,197.5,96.0,101.5,5.5,36,-3.0,,50,2,-0.2,"Bill Kennedy, David Guthrie, Eli Roe",,82,99,49,,,0,,38,0,98,25,97,,1247040,46,59,,89,0,,False,,,,,,,11,12382,30197401,201,3019740
80.61, Trey Burke,PG,UTA,@LAL,2A,14,17.05,1535.7,24.3,4.5,5.9,9.3,21.5,33.7,,,24.6,26.62,5.3,15.84,0,0,2,-8,192.0,97.3,94.8,-2.5,43,-0.5,,50,1,0.1,"Brett Nansel, John Goble, Kevin Scott",,92,99,53,,,0,,63,0,93,29,95,,1247131,73,68,,5,0,,False,,,,,,,11,12482,30197701,201,3019770
80.4, Trey Lyles,PF,UTA,@LAL,2A,10,12.21,1870.0,29.7,6.5,2.2,5.9,18.7,31.5,,,12.9,16.41,5.3,7.77,0,0,0,0,192.0,97.3,94.8,-2.5,43,-0.5,,50,1,0.1,"Brett Nansel, John Goble, Kevin Scott",,70,99,45,,,0,,46,0,98,28,98,,1247123,73,60,,89,0,,False,,,,,,,11,12072,30197701,201,3019770
80.31, Austin Rivers,PG,LAC,NO,2H,10,12.21,1770.0,24.5,5.5,3.4,4.4,17.7,31.0,,,16.8,22.1,0.4,10.42,0,0,0,-2,204.0,106.8,97.3,-9.5,89,0.5,,50,1,0.0,"Brent Barnaky, Dedric Taylor, Derek Richardson, Leon Wood, Marc Davis, Mike Callahan",,80,96,44,,,0,,40,0,98,26,97,,1246942,64,57,,89,0,,False,,,,,,,11,12378,30197002,201,3019700
80.17, Arron Afflalo,SG,NY,MIL,  ,17,20.67,1488.2,38.1,4.6,2.7,12.4,25.3,38.2,,,17.6,19.78,0.1,13.13,0,0,2,3,197.5,101.5,96.0,-5.5,69,-2.0,,50,2,-0.2,"Bill Kennedy, David Guthrie, Eli Roe",,77,89,67,,,0,,73,0,92,31,96,,1247053,54,78,,5,0,,False,,,,,,,11,12173,30197402,201,3019740
79.91, Tony Allen,SG,MEM,BOS,  ,10,12.21,2360.0,36.5,11.4,-1.8,10.7,23.6,36.5,,,14.3,13.73,4.9,10.1,0,0,0,-9,191.5,94.3,97.3,3.0,25,-1.2,,50,2,0.2,"Ed Malloy, Eric Lewis, J.T. Orr",,30,99,62,,,0,,67,0,99,62,99,,1247005,42,74,,89,0,,False,,,,,,,11,12665,30197202,201,3019720
79.03, Zaza Pachulia,C,DAL,@MIN,  ,22,26.71,1354.6,30.7,3.1,0.8,12.3,29.8,47.1,,,16.3,20.06,-0.1,18.53,0,0,-2,1,199.0,101.8,97.3,-4.5,70,0.0,,50,2,0.0,"Dedric Taylor, Derek Richardson, Mike Callahan",,55,91,86,,,0,,73,0,88,27,90,,1246901,79,85,,95,0,,False,,,,,,,11,12641,30196901,201,3019690
79.0, Jamal Crawford,SG,LAC,NO,2H,14,17.05,1450.0,24.0,3.3,6.5,7.5,20.3,33.1,,,22.0,26.01,0.4,11.83,0,0,-4,-5,204.0,106.8,97.3,-9.5,89,0.5,,50,1,0.0,"Brent Barnaky, Dedric Taylor, Derek Richardson, Leon Wood, Marc Davis, Mike Callahan",,93,88,51,,,0,,57,0,90,27,91,,1246944,64,65,,99,0,,False,,,,,,,11,12514,30197002,201,3019700
78.92, Robin Lopez,C,NY,MIL,  ,10,12.21,2520.0,33.5,13.0,-4.1,8.8,25.2,41.6,,,15.9,18.79,0.1,14.35,0,0,0,-8,197.5,101.5,96.0,-5.5,69,-2.0,,50,2,-0.2,"Bill Kennedy, David Guthrie, Eli Roe",,11,99,75,,,0,,62,0,99,39,99,,1247054,54,77,,89,0,,False,,,,,,,11,12198,30197402,201,3019740
78.85, Jeremy Lin,PG,CHR,@DEN,2A,19,23.09,1352.6,29.3,2.6,6.0,14.5,25.7,36.9,,,21.4,24.84,-1.1,15.82,0,0,4,-1,198.5,98.0,100.5,2.5,48,-2.0,,50,1,0.0,"Ben Taylor, Eric Dalen, James Capers",Questionable,92,94,64,,,0,,79,0,87,33,89,,1247070,58,78,,0,0,,False,,,,,,,11,12312,30197501,201,3019750
78.6, Jose Calderon,PG,NY,MIL,  ,10,12.21,1860.0,31.8,6.4,0.5,7.4,18.6,29.6,,,13.0,13.06,0.1,13.19,0,0,0,-8,197.5,101.5,96.0,-5.5,69,-2.0,,50,2,-0.2,"Bill Kennedy, David Guthrie, Eli Roe",,51,99,40,,,0,,56,0,98,31,98,,1247050,54,60,,89,0,,False,,,,,,,11,12038,30197402,201,3019740
78.54, Wesley Johnson,SG,LAC,NO,2H,10,12.21,1610.0,23.8,3.9,6.5,5.0,16.1,27.2,,,14.1,16.15,0.4,11.81,0,0,0,-5,204.0,106.8,97.3,-9.5,89,0.5,,50,1,0.0,"Brent Barnaky, Dedric Taylor, Derek Richardson, Leon Wood, Marc Davis, Mike Callahan",,93,97,30,,,0,,42,0,95,26,93,,1246939,64,51,,89,0,,False,,,,,,,11,12276,30197002,201,3019700
78.5, Allen Crabbe,PG,POR,OKC,  ,13,15.84,1523.1,31.3,4.0,5.3,7.4,19.8,32.2,,,17.2,14.69,1.6,12.79,0,0,3,3,215.0,103.8,111.3,7.5,79,0.5,,50,2,-0.1,"Curtis Blair, Derrick Collins, Scott Foster",,89,97,48,,,0,,56,0,93,27,93,,1247117,25,63,,1,0,,False,,,,,,,11,12445,30197602,201,3019760
77.98, Marcus Smart,PG,BOS,@MEM,  ,14,17.05,1485.7,29.6,3.8,1.9,10.0,20.8,31.6,,,18.0,17.18,-4.9,10.59,0,0,-4,-4,191.5,97.3,94.3,-3.0,43,-0.2,,50,3,0.2,"Ed Malloy, Eric Lewis, J.T. Orr",,67,93,45,,,0,,65,0,92,31,93,,1246991,58,67,,99,0,,False,,,,,,,11,12548,30197201,201,3019720
77.41, Kelly Olynyk,C,BOS,@MEM,  ,16,19.46,1393.8,28.6,2.8,3.4,8.5,22.3,36.1,,,20.0,19.88,-4.9,15.87,0,0,6,2,191.5,97.3,94.3,-3.0,43,-0.2,,50,3,0.2,"Ed Malloy, Eric Lewis, J.T. Orr",,80,97,62,,,0,,62,0,89,27,90,,1246989,58,70,,0,0,,False,,,,,,,11,12462,30197201,201,3019720
76.24, Patrick Beverley,PG,HOU,IND,  ,12,14.63,1766.7,28.2,6.6,-3.8,10.2,21.2,32.2,,,15.9,15.96,-0.3,11.75,0,0,-2,-4,207.0,104.3,102.8,-1.5,81,1.0,,50,3,-0.1,"Josh Tiven, Lauren Holtkamp, Monty McCutchen",,13,98,48,,,0,,66,0,98,38,98,,1247027,53,67,,95,0,,False,,,,,,,11,12257,30197302,201,3019730
76.2, Jrue Holiday,PG,NO,@LAC,  ,19,23.09,1336.8,30.3,2.3,2.1,13.8,25.4,37.0,,,25.2,24.83,-0.4,17.86,0,0,2,-6,204.0,97.3,106.8,9.5,43,-1.0,,50,2,0.0,"Brent Barnaky, Dedric Taylor, Derek Richardson, Leon Wood, Marc Davis, Mike Callahan",,69,90,64,,,0,,78,0,87,31,89,,1246923,36,78,,5,0,,False,,,,,,,11,12240,30197001,201,3019700
75.61, Enes Kanter,C,OKC,@POR,  ,16,19.46,1306.3,24.0,1.4,2.9,6.2,20.9,35.6,,,21.0,19.96,-1.6,23.99,0,0,0,-5,215.0,111.3,103.8,-7.5,96,1.0,,50,2,-0.1,"Curtis Blair, Derrick Collins, Scott Foster",,78,95,60,,,0,,48,0,86,25,85,,1247100,75,67,,89,0,,False,,,,,,,11,12321,30197601,201,3019760
75.38, Dion Waiters,SG,OKC,@POR,  ,10,12.21,1480.0,23.7,2.6,4.8,3.2,14.8,26.4,,,17.9,17.68,-1.6,9.69,0,0,-6,-9,215.0,111.3,103.8,-7.5,96,1.0,,50,2,-0.1,"Curtis Blair, Derrick Collins, Scott Foster",,87,97,27,,,0,,33,0,92,25,89,,1247102,75,47,,99,0,,False,,,,,,,11,12372,30197601,201,3019760
75.07, Amir Johnson,PF,BOS,@MEM,  ,12,14.63,1475.0,22.4,3.1,1.0,5.1,17.7,30.3,,,13.7,15.0,-4.9,15.46,0,0,-2,-6,191.5,97.3,94.3,-3.0,43,-0.2,,50,3,0.2,"Ed Malloy, Eric Lewis, J.T. Orr",,58,99,43,,,0,,43,0,92,26,90,,1246978,58,57,,95,0,,False,,,,,,,11,12035,30197201,201,3019720
75.02, Chandler Parsons,SF,DAL,@MIN,  ,19,23.09,1242.1,31.1,0.5,6.4,11.3,23.6,35.9,,,18.4,20.29,-0.1,11.27,0,0,6,0,199.0,101.8,97.3,-4.5,70,0.0,,50,2,0.0,"Dedric Taylor, Derek Richardson, Mike Callahan",,93,94,61,,,0,,69,0,83,28,82,,1246898,79,74,,0,0,,False,,,,,,,11,12350,30196901,201,3019690
75.02, Robert Sacre,C,LAL,UTA,  ,10,12.21,1660.0,23.1,4.4,0.4,2.3,16.6,30.9,,,,14.7,-5.3,,0,0,0,-3,192.0,94.8,97.3,2.5,28,-1.5,,50,2,0.1,"Brett Nansel, John Goble, Kevin Scott",,51,88,44,,,0,,28,0,97,0,95,,1247145,27,53,,89,0,,False,,,,,,,11,12418,30197702,201,3019770
74.67, Iman Shumpert,SG,CLE,@PHI,  ,10,12.21,1910.0,28.9,6.9,-5.0,9.2,19.1,29.0,,,14.4,14.85,4.6,11.61,0,0,-7,-7,206.0,111.3,95.3,-16.0,96,1.8,,50,2,0.2,"Mark Lindsay, Scott Twardoski, Tony Brothers",,8,99,37,,,0,,63,0,98,42,98,,1246951,80,61,,100,0,,False,,,,,,,11,12335,30197101,201,3019710
74.31, Clint Capela,PF,HOU,IND,  ,18,21.88,1238.9,24.7,0.4,6.1,5.2,22.3,39.4,,,14.6,16.88,-0.3,19.11,0,0,2,8,207.0,104.3,102.8,-1.5,81,1.0,,50,3,-0.1,"Josh Tiven, Lauren Holtkamp, Monty McCutchen",,92,96,71,,,0,,43,0,82,0,82,,1247032,53,70,,5,0,,False,,,,,,,11,12572,30197302,201,3019730
73.98, Roy Hibbert,C,LAL,UTA,  ,10,12.21,1570.0,24.9,3.5,0.4,3.1,15.7,28.3,,,12.8,12.0,-5.3,11.91,0,0,-6,-12,192.0,94.8,97.3,2.5,28,-1.5,,50,2,0.1,"Brett Nansel, John Goble, Kevin Scott",,51,99,34,,,0,,32,0,94,25,92,,1247144,27,50,,99,0,,False,,,,,,,11,12200,30197702,201,3019770
73.7, Nik Stauskas,SG,PHI,CLE,2H,10,12.21,1410.0,24.1,1.9,4.7,3.9,14.1,24.3,,,15.9,15.92,-4.6,7.58,0,0,0,0,206.0,95.3,111.3,16.0,32,0.3,,50,1,0.2,"Mark Lindsay, Scott Twardoski, Tony Brothers",,87,97,23,,,0,,38,0,89,25,87,,1246972,20,45,,89,0,,False,,,,,,,11,12533,30197102,201,3019710
72.92,Raul Neto,PG,UTA,@LAL,2A,10,12.21,1400.0,23.7,1.8,5.9,2.8,14.0,25.2,,,17.4,18.68,5.3,10.2,0,0,0,0,192.0,97.3,94.8,-2.5,43,-0.5,,50,1,0.1,"Brett Nansel, John Goble, Kevin Scott",,92,89,25,,,0,,31,0,89,0,86,,1247136,73,45,,89,0,,False,,,,,,,11,22390,30197701,201,3019770
72.88, Shabazz Muhammad,SF,MIN,DAL,  ,10,12.21,1700.0,25.4,4.8,-3.6,4.9,17.0,29.1,,,18.9,18.25,0.1,15.16,0,0,0,-10,199.0,97.3,101.8,4.5,43,-0.5,,50,2,0.0,"Dedric Taylor, Derek Richardson, Mike Callahan",,14,99,37,,,0,,41,0,97,26,96,,1246910,21,55,,89,0,,False,,,,,,,11,12476,30196902,201,3019690
72.37, Gary Harris,SG,DEN,CHR,  ,11,13.42,1518.2,27.4,3.3,-1.2,6.7,16.7,26.7,,,16.0,15.63,1.1,11.23,0,0,0,1,198.5,100.5,98.0,-2.5,63,-0.5,,50,2,0.0,"Ben Taylor, Eric Dalen, James Capers",,38,97,28,,,0,,51,0,93,29,91,,1247089,42,54,,89,0,,False,,,,,,,11,12531,30197502,201,3019750
72.23, Hollis Thompson,SG,PHI,CLE,2H,10,12.21,1350.0,21.9,1.3,4.7,2.8,13.5,24.2,,,14.9,15.47,-4.6,8.4,0,0,0,-5,206.0,95.3,111.3,16.0,32,0.3,,50,1,0.2,"Mark Lindsay, Scott Twardoski, Tony Brothers",,87,97,23,,,0,,31,0,87,0,85,,1246968,20,44,,89,0,,False,,,,,,,11,12420,30197102,201,3019710
72.23, George Hill,PG,IND,@HOU,  ,20,24.29,1260.0,34.7,0.9,3.5,13.9,25.2,36.5,,,15.8,17.01,0.3,13.25,0,0,-6,-12,207.0,102.8,104.3,1.5,75,0.5,,50,2,-0.1,"Josh Tiven, Lauren Holtkamp, Monty McCutchen",,81,46,62,,,0,,78,0,83,30,84,,1247013,47,77,,99,0,,False,,,,,,,11,12209,30197301,201,3019730
72.1, Nikola Jokic,C,DEN,CHR,  ,10,12.21,1700.0,18.5,4.8,-6.1,4.9,17.0,29.1,,,19.4,17.41,1.1,20.72,0,0,-2,0,198.5,100.5,98.0,-2.5,63,-0.5,,50,2,0.0,"Ben Taylor, Eric Dalen, James Capers",,5,99,37,,,0,,41,0,97,26,96,,1247091,42,55,,95,0,,False,,,,,,,11,12576,30197502,201,3019750
72.03, Lavoy Allen,C,IND,@HOU,  ,10,12.21,1690.0,22.6,4.7,-4.8,2.5,16.9,31.3,,,12.6,13.87,0.3,11.16,0,0,0,0,207.0,102.8,104.3,1.5,75,0.5,,50,2,-0.1,"Josh Tiven, Lauren Holtkamp, Monty McCutchen",,8,97,45,,,0,,28,0,97,0,96,,1247017,47,54,,89,0,,False,,,,,,,11,12357,30197301,201,3019730
70.4, Kevin Garnett,PF,MIN,DAL,  ,10,12.21,1270.0,16.4,0.5,7.0,2.5,12.7,23.5,,,11.6,11.41,0.1,13.65,0,0,0,-6,199.0,97.3,101.8,4.5,43,-0.5,,50,2,0.0,"Dedric Taylor, Derek Richardson, Mike Callahan",,94,91,22,,,0,,28,0,84,0,82,,1246917,21,42,,89,0,,False,,,,,,,11,12674,30196902,201,3019690
70.38, Paul Pierce,SF,LAC,NO,2H,12,14.63,1566.7,22.3,4.2,-4.5,6.6,18.8,31.0,,,15.0,20.79,0.4,8.14,0,0,2,-7,204.0,106.8,97.3,-9.5,89,0.5,,50,1,0.0,"Brent Barnaky, Dedric Taylor, Derek Richardson, Leon Wood, Marc Davis, Mike Callahan",,9,97,44,,,0,,50,0,94,27,94,,1246934,64,60,,5,0,,False,,,,,,,11,12121,30197002,201,3019700
70.35, Langston Galloway,SG,NY,MIL,  ,10,12.21,1310.0,18.2,0.9,2.7,2.2,13.1,24.0,,,15.0,16.85,0.1,12.67,0,0,0,-12,197.5,101.5,96.0,-5.5,69,-2.0,,50,2,-0.2,"Bill Kennedy, David Guthrie, Eli Roe",,77,96,23,,,0,,27,0,86,0,84,,1247061,54,43,,89,0,,False,,,,,,,11,12587,30197402,201,3019740
70.21, Jusuf Nurkic,C,DEN,CHR,  ,14,17.05,1407.1,18.5,2.7,-6.1,2.7,19.7,36.7,,,,22.54,1.1,,0,0,-2,-2,198.5,100.5,98.0,-2.5,63,-0.5,,50,2,0.0,"Ben Taylor, Eric Dalen, James Capers",,5,99,63,,,0,,30,0,89,0,90,,1247090,42,63,,95,0,,False,,,,,,,11,12573,30197502,201,3019750
70.2, Maurice Harkless,SF,POR,OKC,  ,10,12.21,1500.0,22.8,2.8,-1.6,3.5,15.0,26.5,,,14.2,13.22,1.6,11.44,0,0,0,0,215.0,103.8,111.3,7.5,79,0.5,,50,2,-0.1,"Curtis Blair, Derrick Collins, Scott Foster",,32,95,28,,,0,,35,0,93,25,90,,1247116,25,47,,89,0,,False,,,,,,,11,12383,30197602,201,3019760
70.1, Spencer Hawes,PF,CHR,@DEN,2A,10,12.21,1490.0,18.0,2.7,-1.0,3.3,14.9,26.5,,,17.1,16.74,-1.1,11.26,0,0,0,0,198.5,98.0,100.5,2.5,48,-2.0,,50,1,0.0,"Ben Taylor, Eric Dalen, James Capers",,38,91,28,,,0,,34,0,92,25,90,,1247067,58,47,,89,0,,False,,,,,,,11,12164,30197501,201,3019750
69.29, Omer Asik,C,NO,@LAC,  ,10,12.21,1270.0,18.9,0.5,5.2,0.3,12.7,25.1,,,8.9,7.53,-0.4,7.59,0,0,0,-8,204.0,97.3,106.8,9.5,43,-1.0,,50,2,0.0,"Brent Barnaky, Dedric Taylor, Derek Richardson, Leon Wood, Marc Davis, Mike Callahan",,88,91,25,,,0,,13,0,84,0,82,,1246921,36,42,,89,0,,False,,,,,,,11,12216,30197001,201,3019700
69.24, JJ Redick,SG,LAC,NO,2H,19,23.09,1152.6,28.8,-1.2,6.5,8.7,21.9,35.1,,,20.7,21.9,0.4,18.49,0,0,4,-2,204.0,106.8,97.3,-9.5,89,0.5,,50,1,0.0,"Brent Barnaky, Dedric Taylor, Derek Richardson, Leon Wood, Marc Davis, Mike Callahan",,93,89,59,,,0,,62,0,74,26,74,,1246935,64,69,,0,0,,False,,,,,,,11,12138,30197002,201,3019700
69.23, Andre Roberson,SG,OKC,@POR,  ,10,12.21,1250.0,20.1,0.3,4.8,2.0,12.5,23.0,,,9.8,9.23,-1.6,10.35,0,0,0,0,215.0,111.3,103.8,-7.5,96,1.0,,50,2,-0.1,"Curtis Blair, Derrick Collins, Scott Foster",,87,91,21,,,0,,26,0,83,0,82,,1247103,75,41,,89,0,,False,,,,,,,11,12446,30197601,201,3019760
69.12, Mason Plumlee,C,POR,OKC,  ,17,20.67,1223.5,21.6,0.1,-1.2,4.7,20.8,36.9,,,17.3,19.94,1.6,16.54,0,0,-6,4,215.0,103.8,111.3,7.5,79,0.5,,50,2,-0.1,"Curtis Blair, Derrick Collins, Scott Foster",,38,90,64,,,0,,41,0,82,0,81,,1247119,25,67,,99,0,,False,,,,,,,11,12465,30197602,201,3019760
69.11, Jeff Withey,C,UTA,@LAL,2A,14,17.05,1271.4,18.9,0.8,1.0,2.9,17.8,32.7,,,14.3,16.72,5.3,18.9,0,0,4,4,192.0,97.3,94.8,-2.5,43,-0.5,,50,1,0.1,"Brett Nansel, John Goble, Kevin Scott",,58,97,49,,,0,,31,0,84,0,84,,1247129,73,57,,0,0,,False,,,,,,,11,12461,30197701,201,3019770
68.96, Darrell Arthur,PF,DEN,CHR,  ,10,12.21,1450.0,19.7,2.3,-1.9,3.2,14.5,25.8,,,16.8,17.73,1.1,13.13,0,0,0,0,198.5,100.5,98.0,-2.5,63,-0.5,,50,2,0.0,"Ben Taylor, Eric Dalen, James Capers",,29,99,26,,,0,,33,0,90,25,89,,1247083,42,46,,89,0,,False,,,,,,,11,12210,30197502,201,3019750
68.78, Derrick Williams,PF,NY,MIL,  ,10,12.21,1320.0,16.0,1.0,1.5,1.6,13.2,24.4,,,22.7,23.41,0.1,18.46,0,0,0,-6,197.5,101.5,96.0,-5.5,69,-2.0,,50,2,-0.2,"Bill Kennedy, David Guthrie, Eli Roe",,62,97,24,,,0,,22,0,86,0,84,,1247057,54,43,,89,0,,False,,,,,,,11,12320,30197402,201,3019740
68.48, Timofey Mozgov,C,CLE,@PHI,  ,10,12.21,1320.0,16.6,1.0,1.5,1.8,13.2,24.6,,,16.2,15.62,4.6,13.09,0,0,0,-10,206.0,111.3,95.3,-16.0,96,1.8,,50,2,0.2,"Mark Lindsay, Scott Twardoski, Tony Brothers",,62,93,24,,,0,,24,0,86,0,84,,1246948,80,43,,89,0,,False,,,,,,,11,12310,30197101,201,3019710
68.24, Anthony Brown,SF,LAL,UTA,  ,10,12.21,1230.0,22.1,0.1,4.1,2.1,12.3,22.5,,,,15.3,-5.3,,0,0,0,0,192.0,94.8,97.3,2.5,28,-1.5,,50,2,0.1,"Brett Nansel, John Goble, Kevin Scott",,84,91,19,,,0,,27,0,82,0,81,,1247139,27,40,,89,0,,False,,,,,,,11,12052,30197702,201,3019770
68.17, J.R. Smith,SG,CLE,@PHI,  ,17,20.67,1282.4,25.7,1.1,-5.0,9.9,21.8,33.9,,,17.6,22.61,4.6,12.48,0,0,-4,-4,206.0,111.3,95.3,-16.0,96,1.8,,50,2,0.2,"Mark Lindsay, Scott Twardoski, Tony Brothers",,8,92,54,,,0,,65,0,84,28,84,,1246959,80,69,,99,0,,False,,,,,,,11,12662,30197101,201,3019710
67.76, Cole Aldrich,C,LAC,NO,2H,10,12.21,1300.0,12.9,0.8,2.0,-0.1,13.0,26.1,,,,16.92,0.4,,0,0,,-3,204.0,106.8,97.3,-9.5,89,0.5,,50,1,0.0,"Brent Barnaky, Dedric Taylor, Derek Richardson, Leon Wood, Marc Davis, Mike Callahan",,68,93,26,,,0,,10,0,86,0,84,,1246940,64,43,,50,0,,False,,,,,,,11,12283,30197002,201,3019700
66.99, Jeremy Lamb,SF,CHR,@DEN,2A,16,19.46,1187.5,22.2,-0.5,0.6,6.8,19.0,31.4,,,20.8,21.76,-1.1,17.9,0,0,0,6,198.5,98.0,100.5,2.5,48,-2.0,,50,1,0.0,"Ben Taylor, Eric Dalen, James Capers",,52,88,45,,,0,,51,0,78,26,78,,1247073,58,61,,89,0,,False,,,,,,,11,12380,30197501,201,3019750
66.56, Larry Nance Jr.,PF,LAL,UTA,  ,11,13.42,1463.6,22.2,2.7,-6.8,4.2,16.1,28.0,,,12.2,14.27,-5.3,13.62,0,0,1,1,192.0,94.8,97.3,2.5,28,-1.5,,50,2,0.1,"Brett Nansel, John Goble, Kevin Scott",,5,99,33,,,0,,39,0,91,25,90,,1247141,27,51,,9,0,,False,,,,,,,11,12097,30197702,201,3019770
66.43, Marcus Thornton,SG,HOU,IND,  ,10,12.21,1430.0,18.1,2.1,-4.0,2.9,14.3,25.7,,,22.3,23.05,-0.3,17.03,0,0,-3,0,207.0,104.3,102.8,-1.5,81,1.0,,50,3,-0.1,"Josh Tiven, Lauren Holtkamp, Monty McCutchen",,11,95,25,,,0,,31,0,90,0,88,,1247028,53,45,,98,0,,False,,,,,,,11,12258,30197302,201,3019730
66.4, Dante Cunningham,SF,NO,@LAC,  ,10,12.21,1300.0,25.6,0.8,-1.2,1.8,13.0,24.2,,,9.2,9.81,-0.4,8.1,0,0,0,-3,204.0,97.3,106.8,9.5,43,-1.0,,50,2,0.0,"Brent Barnaky, Dedric Taylor, Derek Richardson, Leon Wood, Marc Davis, Mike Callahan",,38,97,23,,,0,,24,0,86,0,84,,1246925,36,43,,89,0,,False,,,,,,,11,12253,30197001,201,3019700
66.18, Jared Sullinger,C,BOS,@MEM,  ,20,24.29,1105.0,21.1,-2.2,3.4,7.4,22.1,36.8,,,20.0,21.02,-4.9,16.3,0,0,-6,-2,191.5,97.3,94.3,-3.0,43,-0.2,,50,3,0.2,"Ed Malloy, Eric Lewis, J.T. Orr",,80,88,64,,,0,,56,0,67,25,67,,1246987,58,70,,99,0,,False,,,,,,,11,12389,30197201,201,3019720
66.06, Corey Brewer,SF,HOU,IND,  ,10,12.21,1280.0,18.4,0.6,-0.7,2.2,12.8,23.4,,,17.5,19.86,-0.3,9.37,0,0,-2,-5,207.0,104.3,102.8,-1.5,81,1.0,,50,3,-0.1,"Josh Tiven, Lauren Holtkamp, Monty McCutchen",,41,97,22,,,0,,27,0,84,0,83,,1247024,53,42,,95,0,,False,,,,,,,11,12161,30197302,201,3019730
64.65, Meyers Leonard,C,POR,OKC,  ,10,12.21,1240.0,18.5,0.2,-1.2,1.5,12.4,23.3,,,16.6,15.16,1.6,11.25,0,0,-2,-4,215.0,103.8,111.3,7.5,79,0.5,,50,2,-0.1,"Curtis Blair, Derrick Collins, Scott Foster",,38,98,21,,,0,,21,0,82,0,82,,1247115,25,41,,95,0,,False,,,,,,,11,12379,30197602,201,3019760
64.57, Devin Harris,SG,DAL,@MIN,  ,10,12.21,1340.0,17.3,1.2,-4.5,3.5,13.4,23.3,,,17.2,18.61,-0.1,14.44,0,0,0,-3,199.0,101.8,97.3,-4.5,70,0.0,,50,2,0.0,"Dedric Taylor, Derek Richardson, Mike Callahan",,9,98,21,,,0,,35,0,87,25,85,,1246902,79,44,,89,0,,False,,,,,,,11,12653,30196901,201,3019690
64.26, Jordan Clarkson,PG,LAL,UTA,  ,23,27.92,1173.9,35.2,-0.9,-0.8,15.6,27.0,38.4,,,21.1,23.11,-5.3,14.64,0,0,-4,-6,192.0,94.8,97.3,2.5,28,-1.5,,50,2,0.1,"Brett Nansel, John Goble, Kevin Scott",,40,37,68,,,0,,83,0,77,30,76,,1247147,27,80,,99,0,,False,,,,,,,11,12525,30197702,201,3019770
64.17, Al-Farouq Aminu,SF,POR,OKC,  ,18,21.88,1150.0,25.1,-1.2,-1.6,8.4,20.7,33.0,,,17.3,18.65,1.6,12.4,0,0,-6,-2,215.0,103.8,111.3,7.5,79,0.5,,50,2,-0.1,"Curtis Blair, Derrick Collins, Scott Foster",,32,88,50,,,0,,61,0,74,26,74,,1247112,25,67,,99,0,,False,,,,,,,11,12280,30197602,201,3019760
63.35, JaKarr Sampson,SF,PHI,CLE,2H,10,12.21,1320.0,19.0,1.0,-4.3,2.2,13.2,24.2,,,17.8,16.82,-4.6,9.67,0,0,0,-3,206.0,95.3,111.3,16.0,32,0.3,,50,1,0.2,"Mark Lindsay, Scott Twardoski, Tony Brothers",,10,93,23,,,0,,27,0,86,0,84,,1246975,20,43,,89,0,,False,,,,,,,11,12566,30197102,201,3019710
63.26, Zach Randolph,PF,MEM,BOS,  ,24,29.13,1095.8,28.5,-2.8,8.3,11.1,26.3,41.5,,,22.0,24.76,4.9,18.12,0,0,-2,-2,191.5,94.3,97.3,3.0,25,-1.2,,50,2,0.2,"Ed Malloy, Eric Lewis, J.T. Orr",,96,43,74,,,0,,68,0,66,26,62,,1247003,42,79,,95,0,,False,,,,,,,11,12600,30197202,201,3019720
63.16, Cameron Payne,PG,OKC,@POR,  ,10,12.21,1120.0,13.2,-1.0,4.2,1.7,11.2,20.7,,,,20.82,-1.6,,0,0,0,0,215.0,111.3,103.8,-7.5,96,1.0,,50,2,-0.1,"Curtis Blair, Derrick Collins, Scott Foster",,85,95,15,,,0,,24,0,69,0,75,,1247093,75,37,,89,0,,False,,,,,,,11,12070,30197601,201,3019760
62.89, Ian Mahinmi,C,IND,@HOU,  ,14,17.05,1200.0,23.2,-0.3,-4.8,2.9,16.8,30.7,,,14.0,13.73,0.3,17.7,0,0,-2,4,207.0,102.8,104.3,1.5,75,0.5,,50,2,-0.1,"Josh Tiven, Lauren Holtkamp, Monty McCutchen",,8,98,44,,,0,,31,0,79,0,79,,1247006,47,54,,95,0,,False,,,,,,,11,12025,30197301,201,3019730
61.97, Isaiah Canaan,SG,PHI,CLE,2H,10,12.21,1090.0,15.1,-1.3,4.7,2.2,10.9,19.6,,,18.9,19.95,-4.6,10.27,0,0,-2,-6,206.0,95.3,111.3,16.0,32,0.3,,50,1,0.2,"Mark Lindsay, Scott Twardoski, Tony Brothers",,87,97,12,,,0,,27,0,65,0,73,,1246970,20,36,,95,0,,False,,,,,,,11,12458,30197102,201,3019710
61.89, Kevin Martin,SG,MIN,DAL,  ,10,12.21,1240.0,16.4,0.2,-3.7,1.0,12.4,23.8,,,21.4,24.97,0.1,11.99,0,0,-5,-15,199.0,97.3,101.8,4.5,43,-0.5,,50,2,0.0,"Dedric Taylor, Derek Richardson, Mike Callahan",,14,93,23,,,0,,19,0,82,0,82,,1246916,21,41,,99,0,,False,,,,,,,11,12666,30196902,201,3019690
60.95,Marcelo Huertas,PG,LAL,UTA,  ,10,12.21,1180.0,19.1,-0.4,-0.8,-0.1,11.8,23.7,,,16.7,15.45,-5.3,10.95,0,0,0,0,192.0,94.8,97.3,2.5,28,-1.5,,50,2,0.1,"Brett Nansel, John Goble, Kevin Scott",,40,89,23,,,0,,10,0,77,0,78,,1247151,27,39,,89,0,,False,,,,,,,11,22345,30197702,201,3019770
60.56, Ryan Anderson,PF,NO,@LAC,  ,27,32.75,1114.8,36.6,-2.7,2.8,16.2,30.1,44.0,,,21.6,22.15,-0.4,17.32,0,0,-2,9,204.0,97.3,106.8,9.5,43,-1.0,,50,2,0.0,"Brent Barnaky, Dedric Taylor, Derek Richardson, Leon Wood, Marc Davis, Mike Callahan",Starting,77,11,80,,,0,,85,0,68,28,63,,1246920,36,86,,95,0,,False,,,,,,,11,12204,30197001,201,3019700
60.55, Wesley Matthews,SF,DAL,@MIN,  ,19,23.09,1094.7,33.6,-2.3,6.4,9.8,20.8,31.8,,,17.1,16.66,-0.1,12.46,0,0,2,-6,199.0,101.8,97.3,-4.5,70,0.0,,50,2,0.0,"Dedric Taylor, Derek Richardson, Mike Callahan",,93,54,46,,,0,,65,0,66,27,66,,1246896,79,67,,5,0,,False,,,,,,,11,12268,30196901,201,3019690
60.1, Anthony Morrow,SF,OKC,@POR,  ,10,12.21,1220.0,18.4,0.0,-6.8,1.9,12.2,22.5,,,14.5,15.57,-1.6,12.44,0,0,0,-4,215.0,111.3,103.8,-7.5,96,1.0,,50,2,-0.1,"Curtis Blair, Derrick Collins, Scott Foster",,5,95,19,,,0,,25,0,81,0,80,,1247099,75,40,,89,0,,False,,,,,,,11,12222,30197601,201,3019760
59.84, Rudy Gobert,C,UTA,@LAL,2A,25,30.34,1112.0,29.1,-2.5,1.0,10.1,27.8,45.5,,,12.9,15.46,5.3,17.61,0,0,-2,-5,192.0,97.3,94.8,-2.5,43,-0.5,,50,1,0.1,"Brett Nansel, John Goble, Kevin Scott",,58,27,82,,,0,,65,0,68,25,65,,1247130,73,82,,95,0,,False,,,,,,,11,12475,30197701,201,3019770
59.82, Jameer Nelson,PG,DEN,CHR,  ,16,19.46,1087.5,23.9,-2.1,1.3,6.6,17.4,28.2,,,18.0,19.2,1.1,10.55,0,0,6,1,198.5,100.5,98.0,-2.5,63,-0.5,,50,2,0.0,"Ben Taylor, Eric Dalen, James Capers",Questionable,59,97,34,,,0,,50,0,65,26,69,,1247092,42,56,,0,0,,False,,,,,,,11,12664,30197502,201,3019750
59.7, Carl Landry,SF,PHI,CLE,2H,10,12.21,1210.0,12.7,-0.1,-4.3,-0.2,12.1,24.4,,,,26.74,-4.6,,0,0,0,0,206.0,95.3,111.3,16.0,32,0.3,,50,1,0.2,"Mark Lindsay, Scott Twardoski, Tony Brothers",,10,93,24,,,0,,8,0,80,0,80,,1246965,20,40,,89,0,,False,,,,,,,11,12175,30197102,201,3019710
59.62, Lance Thomas,SF,NY,MIL,  ,10,12.21,1110.0,19.1,-1.1,0.9,1.1,11.1,21.1,,,16.8,14.49,0.1,12.72,0,0,0,0,197.5,101.5,96.0,-5.5,69,-2.0,,50,2,-0.2,"Bill Kennedy, David Guthrie, Eli Roe",,57,95,15,,,0,,20,0,68,0,74,,1247056,54,37,,89,0,,False,,,,,,,11,12317,30197402,201,3019740
59.57, Tyreke Evans,PG,NO,@LAC,  ,33,40.0,1103.0,35.1,-3.6,2.1,23.6,36.4,49.2,,,24.1,26.9,-0.4,18.84,0,0,2,5,204.0,97.3,106.8,9.5,43,-1.0,,50,2,0.0,"Brent Barnaky, Dedric Taylor, Derek Richardson, Leon Wood, Marc Davis, Mike Callahan",,69,32,88,,,0,,95,0,67,31,57,,1246922,36,95,,5,0,,False,,,,,,,11,12229,30197001,201,3019700
59.12, Chris Johnson,SF,UTA,@LAL,2A,10,12.21,1060.0,16.7,-1.6,6.6,0.4,10.6,19.8,,,15.4,15.89,5.3,12.86,0,0,,0,192.0,97.3,94.8,-2.5,43,-0.5,,50,1,0.1,"Brett Nansel, John Goble, Kevin Scott",,93,96,13,,,0,,13,0,60,0,71,,1247128,73,36,,50,0,,False,,,,,,,11,12433,30197701,201,3019770
58.88, Frank Kaminsky,PF,CHR,@DEN,2A,13,15.84,1130.8,19.0,-1.1,-1.0,3.2,14.7,26.2,,,16.1,17.48,-1.1,11.81,0,0,3,-2,198.5,98.0,100.5,2.5,48,-2.0,,50,1,0.0,"Ben Taylor, Eric Dalen, James Capers",,38,97,27,,,0,,33,0,71,0,74,,1247066,58,46,,1,0,,False,,,,,,,11,12067,30197501,201,3019750
58.77, Luc Mbah a Moute,PF,LAC,NO,2H,10,12.21,1060.0,20.6,-1.6,4.5,1.6,10.6,19.6,,,8.8,11.04,0.4,7.26,0,0,0,0,204.0,106.8,97.3,-9.5,89,0.5,,50,1,0.0,"Brent Barnaky, Dedric Taylor, Derek Richardson, Leon Wood, Marc Davis, Mike Callahan",,85,89,12,,,0,,22,0,60,0,71,,1246937,64,36,,89,0,,False,,,,,,,11,12217,30197002,201,3019700
58.67, Tayshaun Prince,SF,MIN,DAL,  ,10,12.21,1180.0,25.2,-0.4,-3.6,2.0,11.8,21.6,,,7.6,8.42,0.1,5.98,0,0,0,-4,199.0,97.3,101.8,4.5,43,-0.5,,50,2,0.0,"Dedric Taylor, Derek Richardson, Mike Callahan",,14,89,17,,,0,,26,0,77,0,78,,1246915,21,39,,89,0,,False,,,,,,,11,12615,30196902,201,3019690
58.22, Jabari Parker,PF,MIL,@NY,  ,18,21.88,1177.8,31.8,-0.7,-4.9,6.8,21.2,35.6,,,18.3,18.62,-0.1,13.92,0,0,2,0,197.5,96.0,101.5,5.5,36,-3.0,,50,2,-0.2,"Bill Kennedy, David Guthrie, Eli Roe",,8,55,60,,,0,,51,0,77,25,76,,1247048,46,67,,5,0,,False,,,,,,,11,12560,30197401,201,3019740
58.06, Nicolas Batum,SG,CHR,@DEN,2A,32,38.79,1078.1,38.1,-4.3,3.4,22.7,34.5,46.3,,,22.2,20.06,-1.1,17.25,0,0,0,6,198.5,98.0,100.5,2.5,48,-2.0,,50,1,0.0,"Ben Taylor, Eric Dalen, James Capers",Questionable,80,18,84,,,0,,95,0,64,30,51,,1248770,58,93,,89,0,,False,,,,,,,11,12208,30197501,201,3019750
57.72, Matthew Dellavedova,PG,CLE,@PHI,  ,14,17.05,1071.4,23.6,-2.1,4.5,4.9,15.0,25.1,,,15.9,12.39,4.6,13.49,0,0,0,0,206.0,111.3,95.3,-16.0,96,1.8,,50,2,0.2,"Mark Lindsay, Scott Twardoski, Tony Brothers",,85,55,25,,,0,,41,0,62,25,69,,1246953,80,47,,89,0,,False,,,,,,,11,12494,30197101,201,3019710
57.1, Gorgui Dieng,C,MIN,DAL,  ,18,21.88,1111.1,25.2,-1.9,2.4,4.1,20.0,35.9,,,15.7,15.6,0.1,15.04,0,0,4,-4,199.0,97.3,101.8,4.5,43,-0.5,,50,2,0.0,"Dedric Taylor, Derek Richardson, Mike Callahan",,74,28,61,,,0,,39,0,68,0,69,,1246909,21,64,,0,0,,False,,,,,,,11,12457,30196902,201,3019690
56.89, Joe Ingles,SG,UTA,@LAL,2A,10,12.21,1060.0,14.5,-1.6,1.0,2.0,10.6,19.2,,,14.5,18.65,5.3,10.47,0,0,0,-2,192.0,97.3,94.8,-2.5,43,-0.5,,50,1,0.1,"Brett Nansel, John Goble, Kevin Scott",,58,96,11,,,0,,26,0,60,0,71,,1247134,73,36,,89,0,,False,,,,,,,11,12589,30197701,201,3019770
56.81, Dwight Howard,C,HOU,IND,  ,29,35.17,1096.6,35.1,-3.4,-2.0,13.3,31.8,50.3,,,17.4,18.34,-0.3,19.4,0,0,-4,-2,207.0,104.3,102.8,-1.5,81,1.0,,50,3,-0.1,"Josh Tiven, Lauren Holtkamp, Monty McCutchen",Questionable,28,34,90,,,0,,76,0,67,26,58,,1247033,53,89,,99,0,,False,,,,,,,11,12649,30197302,201,3019730
56.76, JaVale McGee,C,DAL,@MIN,  ,10,12.21,1070.0,13.2,-1.5,0.8,0.4,10.7,21.0,,,,19.89,-0.1,,0,0,0,0,199.0,101.8,97.3,-4.5,70,0.0,,50,2,0.0,"Dedric Taylor, Derek Richardson, Mike Callahan",,55,96,15,,,0,,13,0,62,0,71,,1246895,79,36,,89,0,,False,,,,,,,11,12201,30196901,201,3019690
56.62, Jason Terry,SG,HOU,IND,  ,10,12.21,1130.0,19.8,-0.9,-4.0,2.2,11.3,20.4,,,14.3,13.15,-0.3,12.08,0,0,0,0,207.0,104.3,102.8,-1.5,81,1.0,,50,3,-0.1,"Josh Tiven, Lauren Holtkamp, Monty McCutchen",,11,95,14,,,0,,27,0,71,0,76,,1247023,53,37,,89,0,,False,,,,,,,11,12129,30197302,201,3019730
56.58, Kyrie Irving,PG,CLE,@PHI,  ,30,36.38,1060.0,28.7,-4.6,4.5,18.3,31.8,45.3,,,,28.81,4.6,,0,0,,-1,206.0,111.3,95.3,-16.0,96,1.8,,50,2,0.2,"Mark Lindsay, Scott Twardoski, Tony Brothers",,85,28,82,,,0,,89,0,60,29,49,,1246949,80,89,,50,0,,False,,,,,,,11,12319,30197101,201,3019710
56.53, CJ Miles,SF,IND,@HOU,  ,19,23.09,1068.4,25.6,-2.8,3.3,9.3,20.3,31.3,,,20.2,21.06,0.3,15.52,0,0,-2,9,207.0,102.8,104.3,1.5,75,0.5,,50,2,-0.1,"Josh Tiven, Lauren Holtkamp, Monty McCutchen",,79,34,45,,,0,,63,0,62,26,62,,1247007,47,65,,95,0,,False,,,,,,,11,12028,30197301,201,3019730
56.03, PJ Hairston,SF,CHR,@DEN,2A,10,12.21,1060.0,18.0,-1.6,0.6,0.7,10.6,20.5,,,14.1,14.86,-1.1,7.98,0,0,0,0,198.5,98.0,100.5,2.5,48,-2.0,,50,1,0.0,"Ben Taylor, Eric Dalen, James Capers",,52,96,14,,,0,,16,0,60,0,71,,1247077,58,36,,89,0,,False,,,,,,,11,12515,30197501,201,3019750
55.89, Pablo Prigioni,SG,LAC,NO,2H,10,12.21,1010.0,15.4,-2.1,6.5,1.2,10.1,19.0,,,9.9,10.31,0.4,8.44,0,0,,0,204.0,106.8,97.3,-9.5,89,0.5,,50,1,0.0,"Brent Barnaky, Dedric Taylor, Derek Richardson, Leon Wood, Marc Davis, Mike Callahan",,93,88,11,,,0,,20,0,52,0,69,,1246943,64,35,,50,0,,False,,,,,,,11,12424,30197002,201,3019700
55.75, Khris Middleton,SG,MIL,@NY,  ,29,35.17,1137.9,39.2,-2.2,-5.6,20.9,33.0,45.1,,,20.4,22.58,-0.1,16.03,0,0,6,4,197.5,96.0,101.5,5.5,36,-3.0,,50,2,-0.2,"Bill Kennedy, David Guthrie, Eli Roe",,6,24,81,,,0,,94,0,72,31,67,,1247042,46,91,,0,0,,False,,,,,,,11,12405,30197401,201,3019740
55.28, Gordon Hayward,SF,UTA,@LAL,2A,34,41.21,1070.6,36.1,-4.8,6.6,23.1,36.4,49.7,,,24.5,30.64,5.3,18.14,0,0,2,5,192.0,97.3,94.8,-2.5,43,-0.5,,50,1,0.1,"Brett Nansel, John Goble, Kevin Scott",,93,5,90,,,0,,95,0,62,30,47,,1247125,73,95,,5,0,,False,,,,,,,11,12281,30197701,201,3019770
55.17, DeAndre Jordan,C,LAC,NO,2H,35,42.42,1085.7,35.1,-4.4,2.0,14.6,38.0,61.4,,,12.9,16.61,0.4,20.61,0,0,3,1,204.0,106.8,97.3,-9.5,89,0.5,,50,1,0.0,"Brent Barnaky, Dedric Taylor, Derek Richardson, Leon Wood, Marc Davis, Mike Callahan",,68,11,99,,,0,,79,0,65,26,51,,1246936,64,96,,1,0,,False,,,,,,,11,12215,30197002,201,3019700
54.46, Noah Vonleh,PF,POR,OKC,  ,10,12.21,1120.0,14.7,-1.0,-5.3,1.1,11.2,21.3,,,10.9,12.64,1.6,8.72,0,0,0,0,215.0,103.8,111.3,7.5,79,0.5,,50,2,-0.1,"Curtis Blair, Derrick Collins, Scott Foster",,6,89,15,,,0,,20,0,69,0,75,,1247120,25,37,,89,0,,False,,,,,,,11,12552,30197602,201,3019760
53.81, Rodney Hood,SG,UTA,@LAL,2A,20,24.29,1015.0,28.7,-4.0,1.0,8.4,20.3,32.2,,,20.4,20.34,5.3,13.52,0,0,2,2,192.0,97.3,94.8,-2.5,43,-0.5,,50,1,0.1,"Brett Nansel, John Goble, Kevin Scott",Questionable,58,93,48,,,0,,61,0,53,26,53,,1254037,73,65,,5,0,,False,,,,,,,11,12534,30197701,201,3019770
53.7, Greg Monroe,C,MIL,@NY,  ,28,33.96,1039.3,29.8,-4.9,3.6,12.0,29.1,46.2,,,22.1,23.01,-0.1,21.67,0,0,-6,-3,197.5,96.0,101.5,5.5,36,-3.0,,50,2,-0.2,"Bill Kennedy, David Guthrie, Eli Roe",,82,18,84,,,0,,71,0,56,26,47,,1247038,46,83,,99,0,,False,,,,,,,11,12279,30197401,201,3019740
53.63, Jose Juan Barea,PG,DAL,@MIN,  ,16,19.46,987.5,19.8,-3.7,4.4,1.9,15.8,30.3,,,23.1,19.63,-0.1,14.55,0,0,6,-1,199.0,101.8,97.3,-4.5,70,0.0,,50,2,0.0,"Dedric Taylor, Derek Richardson, Mike Callahan",,85,97,43,,,0,,25,0,48,0,56,,1246894,79,50,,0,0,,False,,,,,,,11,12154,30196901,201,3019690
53.21, Marvin Williams,PF,CHR,@DEN,2A,20,24.29,1070.0,29.0,-2.9,-1.0,8.9,21.4,33.9,,,13.2,13.59,-1.1,13.87,0,0,-4,3,198.5,98.0,100.5,2.5,48,-2.0,,50,1,0.0,"Ben Taylor, Eric Dalen, James Capers",,38,36,54,,,0,,62,0,62,26,61,,1247064,58,68,,99,0,,False,,,,,,,11,12011,30197501,201,3019750
52.7, Kenneth Faried,PF,DEN,CHR,  ,24,29.13,1058.3,26.5,-3.7,-1.9,10.3,25.4,40.5,,,20.1,19.88,1.1,19.62,0,0,0,-2,198.5,100.5,98.0,-2.5,63,-0.5,,50,2,0.0,"Ben Taylor, Eric Dalen, James Capers",Questionable,29,41,72,,,0,,66,0,60,26,56,,1247084,42,78,,89,0,,False,,,,,,,11,12339,30197502,201,3019750
51.34, Chris Paul,PG,LAC,NO,2H,45,54.5,997.8,32.6,-9.6,3.4,29.7,44.9,60.1,,,27.5,29.71,0.4,23.93,0,0,2,4,204.0,106.8,97.3,-9.5,89,0.5,,50,1,0.0,"Brent Barnaky, Dedric Taylor, Derek Richardson, Leon Wood, Marc Davis, Mike Callahan",,80,50,97,,,0,,98,0,51,29,29,,1246932,64,98,,5,0,,False,,,,,,,11,12012,30197002,201,3019700
51.24, Deron Williams,PG,DAL,@MIN,  ,24,29.13,991.7,28.4,-5.3,4.4,11.1,23.8,36.5,,,22.1,21.78,-0.1,15.77,0,0,-4,-3,199.0,101.8,97.3,-4.5,70,0.0,,50,2,0.0,"Dedric Taylor, Derek Richardson, Mike Callahan",Probable,85,36,62,,,0,,68,0,49,26,45,,1246890,79,75,,99,0,,False,,,,,,,11,12017,30196901,201,3019690
51.17, Tristan Thompson,C,CLE,@PHI,  ,20,24.29,1015.0,29.1,-4.0,1.5,3.6,20.3,37.0,,,11.3,12.04,4.6,14.85,0,0,-4,0,206.0,111.3,95.3,-16.0,96,1.8,,50,2,0.2,"Mark Lindsay, Scott Twardoski, Tony Brothers",,62,43,64,,,0,,37,0,53,0,53,,1246950,80,65,,99,0,,False,,,,,,,11,12322,30197101,201,3019710
51.14, Raymond Felton,SG,DAL,@MIN,  ,15,18.25,1060.0,23.4,-2.4,-4.5,4.5,15.9,27.3,,,17.6,17.05,-0.1,12.22,0,0,4,5,199.0,101.8,97.3,-4.5,70,0.0,,50,2,0.0,"Dedric Taylor, Derek Richardson, Mike Callahan",,9,92,30,,,0,,40,0,60,24,66,,1246888,79,50,,0,0,,False,,,,,,,11,12013,30196901,201,3019690
50.95, Gerald Henderson,SG,POR,OKC,  ,10,12.21,910.0,13.1,-3.1,5.9,0.2,9.1,18.0,,,20.2,19.71,1.6,10.24,0,0,0,-8,215.0,103.8,111.3,7.5,79,0.5,,50,2,-0.1,"Curtis Blair, Derrick Collins, Scott Foster",,92,91,10,,,0,,12,0,41,0,60,,1247111,25,33,,89,0,,False,,,,,,,11,12235,30197602,201,3019760
50.81, Mario Chalmers,PG,MEM,BOS,  ,10,12.21,2890.0,39.2,16.7,-4.6,17.1,28.9,40.7,,,18.4,19.43,4.9,16.6,0,0,-2,-5,191.5,94.3,97.3,3.0,25,-1.2,,50,2,0.2,"Ed Malloy, Eric Lewis, J.T. Orr",,9,50,73,,,0,,87,0,0,97,100,,1246999,42,83,,95,0,,False,,,,,,,11,12214,30197202,201,3019720
50.46,TJ McConnell,PG,PHI,CLE,2H,10,12.21,930.0,11.8,-2.9,2.1,1.1,9.3,16.7,,,17.1,16.58,-4.6,13.83,0,0,-8,-3,206.0,95.3,111.3,16.0,32,0.3,,50,1,0.2,"Mark Lindsay, Scott Twardoski, Tony Brothers",,69,97,7,,,0,,20,0,43,0,61,,1246976,20,34,,100,0,,False,,,,,,,11,22393,30197102,201,3019710
49.41, Ish Smith,PG,PHI,CLE,2H,26,31.54,973.1,28.1,-6.2,2.1,12.2,25.3,38.4,,,22.1,24.29,-4.6,17.27,0,0,,7,206.0,95.3,111.3,16.0,32,0.3,,50,1,0.2,"Mark Lindsay, Scott Twardoski, Tony Brothers",,69,55,68,,,0,,72,0,47,26,40,,1246966,20,78,,50,0,,False,,,,,,,11,12313,30197102,201,3019710
49.28, Giannis Antetokounmpo,SF,MIL,@NY,  ,28,33.96,1035.7,37.3,-5.0,-0.1,16.5,29.0,41.5,,,20.2,19.2,-0.1,16.0,0,0,-2,3,197.5,96.0,101.5,5.5,36,-3.0,,50,2,-0.2,"Bill Kennedy, David Guthrie, Eli Roe",,45,18,74,,,0,,85,0,55,28,46,,1247045,46,83,,95,0,,False,,,,,,,11,12485,30197401,201,3019740
48.37, Jerian Grant,PG,NY,MIL,  ,10,12.21,940.0,12.3,-2.8,0.5,1.0,9.4,17.8,,,19.3,19.34,0.1,8.55,0,0,0,0,197.5,101.5,96.0,-5.5,69,-2.0,,50,2,-0.2,"Bill Kennedy, David Guthrie, Eli Roe",,51,89,10,,,0,,19,0,44,0,62,,1247051,54,34,,89,0,,False,,,,,,,11,12074,30197402,201,3019740
48.28, Matt Barnes,SF,MEM,BOS,  ,22,26.71,1027.3,32.7,-4.1,0.5,11.8,22.6,33.4,,,15.9,16.96,4.9,12.47,0,0,8,4,191.5,94.3,97.3,3.0,25,-1.2,,50,2,0.2,"Ed Malloy, Eric Lewis, J.T. Orr",,51,36,52,,,0,,70,0,54,27,52,,1247004,42,71,,0,0,,False,,,,,,,11,12619,30197202,201,3019720
47.95, Damian Lillard,PG,POR,OKC,  ,44,53.29,981.8,37.8,-10.1,5.3,28.4,43.2,58.0,,,31.4,32.34,1.6,21.18,0,0,-2,8,215.0,103.8,111.3,7.5,79,0.5,,50,2,-0.1,"Curtis Blair, Derrick Collins, Scott Foster",,89,0,97,,,0,,97,0,48,29,28,,1247114,25,98,,95,0,,False,,,,,,,11,12374,30197602,201,3019760
47.03, Trevor Booker,PF,UTA,@LAL,2A,14,17.05,907.1,18.3,-4.4,2.2,1.9,12.7,23.5,,,13.1,12.64,5.3,12.11,0,0,2,-4,192.0,97.3,94.8,-2.5,43,-0.5,,50,1,0.1,"Brett Nansel, John Goble, Kevin Scott",,70,97,22,,,0,,25,0,41,0,51,,1247126,73,42,,5,0,,False,,,,,,,11,12294,30197701,201,3019770
46.19, Kemba Walker,PG,CHR,@DEN,2A,39,47.25,974.4,36.4,-9.3,6.0,23.8,38.0,52.2,,,24.6,29.11,-1.1,19.85,0,0,6,12,198.5,98.0,100.5,2.5,48,-2.0,,50,1,0.0,"Ben Taylor, Eric Dalen, James Capers",,92,3,93,,,0,,95,0,47,29,29,,1247071,58,96,,0,0,,False,,,,,,,11,12327,30197501,201,3019750
45.7, Andrew Wiggins,SG,MIN,DAL,  ,29,35.17,1034.5,35.4,-5.2,-3.7,13.1,30.0,46.9,,,26.4,28.9,0.1,15.66,0,0,-2,0,199.0,97.3,101.8,4.5,43,-0.5,,50,2,0.0,"Dedric Taylor, Derek Richardson, Mike Callahan",,14,11,85,,,0,,76,0,55,26,45,,1246913,21,85,,95,0,,False,,,,,,,11,12559,30196902,201,3019690
45.55, JaMychal Green,C,MEM,BOS,  ,10,12.21,860.0,11.3,-3.6,1.2,0.5,8.6,16.9,,,17.3,17.23,4.9,12.77,0,0,0,0,191.5,94.3,97.3,3.0,25,-1.2,,50,2,0.2,"Ed Malloy, Eric Lewis, J.T. Orr",,58,89,7,,,0,,14,0,38,0,57,,1247000,42,32,,89,0,,False,,,,,,,11,12436,30197202,201,3019720
45.47, Eric Gordon,SG,NO,@LAC,  ,23,27.92,939.1,34.4,-6.3,7.6,9.5,21.6,33.7,,,19.3,21.2,-0.4,13.37,0,0,-2,0,204.0,97.3,106.8,9.5,43,-1.0,,50,2,0.0,"Brent Barnaky, Dedric Taylor, Derek Richardson, Leon Wood, Marc Davis, Mike Callahan",,95,11,53,,,0,,64,0,44,26,39,,1246918,36,68,,95,0,,False,,,,,,,11,12191,30197001,201,3019700
45.37, Ed Davis,PF,POR,OKC,  ,14,17.05,1028.6,18.6,-2.7,-5.3,0.5,14.4,27.7,,,12.7,10.78,1.6,18.26,0,0,-2,-8,215.0,103.8,111.3,7.5,79,0.5,,50,2,-0.1,"Curtis Blair, Derrick Collins, Scott Foster",Questionable,6,55,32,,,0,,14,0,54,0,63,,1247113,25,46,,95,0,,False,,,,,,,11,12285,30197602,201,3019760
45.23, Vince Carter,SG,MEM,BOS,  ,10,12.21,930.0,12.0,-2.9,-1.8,0.1,9.3,18.5,,,14.9,21.05,4.9,6.48,0,0,0,-2,191.5,94.3,97.3,3.0,25,-1.2,,50,2,0.2,"Ed Malloy, Eric Lewis, J.T. Orr",,30,88,10,,,0,,11,0,43,0,61,,1246993,42,34,,89,0,,False,,,,,,,11,12119,30197202,201,3019720
45.15, Richard Jefferson,SF,CLE,@PHI,  ,10,12.21,760.0,13.3,-4.6,7.5,0.0,7.6,15.2,,,13.3,12.93,4.6,8.71,0,0,0,0,206.0,111.3,95.3,-16.0,96,1.8,,50,2,0.2,"Mark Lindsay, Scott Twardoski, Tony Brothers",,95,88,5,,,0,,11,0,33,0,49,,1246955,80,29,,89,0,,False,,,,,,,11,12598,30197101,201,3019710
45.07, Randy Foye,PG,DEN,CHR,  ,10,12.21,830.0,14.3,-3.9,1.3,0.7,8.3,15.9,,,17.6,15.34,1.1,7.46,0,0,0,-7,198.5,100.5,98.0,-2.5,63,-0.5,,50,2,0.0,"Ben Taylor, Eric Dalen, James Capers",,59,95,6,,,0,,16,0,37,0,54,,1247080,42,30,,89,0,,False,,,,,,,11,12136,30197502,201,3019750
44.98, Trevor Ariza,SF,HOU,IND,  ,23,27.92,991.3,32.5,-5.1,-0.7,11.6,22.8,34.0,,,15.3,16.88,-0.3,10.82,0,0,0,-2,207.0,104.3,102.8,-1.5,81,1.0,,50,3,-0.1,"Josh Tiven, Lauren Holtkamp, Monty McCutchen",,41,24,54,,,0,,69,0,49,27,46,,1247034,53,71,,89,0,,False,,,,,,,11,12671,30197302,201,3019730
44.74, Jahlil Okafor,C,PHI,CLE,2H,26,31.54,984.6,27.9,-5.9,-0.9,9.3,25.6,41.9,,,25.2,26.14,-4.6,16.73,0,0,-4,6,206.0,95.3,111.3,16.0,32,0.3,,50,1,0.2,"Mark Lindsay, Scott Twardoski, Tony Brothers",,39,22,75,,,0,,63,0,48,25,41,,1246962,20,78,,99,0,,False,,,,,,,11,12047,30197102,201,3019710
44.24, Ricky Rubio,PG,MIN,DAL,  ,33,40.0,945.5,32.8,-8.8,6.7,17.0,31.2,45.4,,,20.0,18.91,0.1,18.19,0,0,4,5,199.0,97.3,101.8,4.5,43,-0.5,,50,2,0.0,"Dedric Taylor, Derek Richardson, Mike Callahan",,94,3,82,,,0,,86,0,44,27,30,,1246907,21,87,,0,0,,False,,,,,,,11,12230,30196902,201,3019690
43.61, Danilo Gallinari,SF,DEN,CHR,  ,32,38.79,1028.1,35.3,-5.9,-3.1,18.7,32.9,47.1,,,21.2,23.18,1.1,19.54,0,0,4,6,198.5,100.5,98.0,-2.5,63,-0.5,,50,2,0.0,"Ben Taylor, Eric Dalen, James Capers",,17,10,86,,,0,,90,0,54,28,41,,1247082,42,91,,0,0,,False,,,,,,,11,12190,30197502,201,3019750
43.21, Kobe Bryant,SF,LAL,UTA,  ,29,35.17,944.8,30.9,-7.8,4.1,15.9,27.4,38.9,,,29.7,29.12,-5.3,13.64,0,0,2,-4,192.0,94.8,97.3,2.5,28,-1.5,,50,2,0.1,"Brett Nansel, John Goble, Kevin Scott",Active,84,6,70,,,0,,84,0,44,27,33,,1247150,27,81,,5,0,,False,,,,,,,11,12678,30197702,201,3019770
42.91, Jae Crowder,SF,BOS,@MEM,  ,28,33.96,989.3,34.8,-6.3,-1.0,16.1,27.7,39.3,,,17.1,17.78,-4.9,15.92,0,0,3,9,191.5,97.3,94.3,-3.0,43,-0.2,,50,3,0.2,"Ed Malloy, Eric Lewis, J.T. Orr",,38,22,70,,,0,,84,0,48,28,39,,1246988,58,82,,1,0,,False,,,,,,,11,12400,30197201,201,3019720
42.77, Glenn Robinson,SF,IND,@HOU,  ,10,12.21,760.0,12.8,-4.6,3.3,0.0,7.6,15.2,,,15.2,14.49,0.3,13.12,0,0,,0,207.0,102.8,104.3,1.5,75,0.5,,50,2,-0.1,"Josh Tiven, Lauren Holtkamp, Monty McCutchen",,79,88,5,,,0,,11,0,33,0,49,,1247019,47,29,,50,0,,False,,,,,,,11,12537,30197301,201,3019730
42.69, Rashad Vaughn,SG,MIL,@NY,  ,10,12.21,920.0,18.5,-3.0,-5.6,0.5,9.2,17.9,,,13.9,14.69,-0.1,2.81,0,0,0,0,197.5,96.0,101.5,5.5,36,-3.0,,50,2,-0.2,"Bill Kennedy, David Guthrie, Eli Roe",,6,88,10,,,0,,14,0,42,0,61,,1247035,46,33,,89,0,,False,,,,,,,11,12077,30197401,201,3019740
42.6, Jerami Grant,SF,PHI,CLE,2H,16,19.46,975.0,22.2,-3.9,-4.3,4.7,15.6,26.5,,,16.0,17.84,-4.6,12.62,0,0,-2,2,206.0,95.3,111.3,16.0,32,0.3,,50,1,0.2,"Mark Lindsay, Scott Twardoski, Tony Brothers",,10,55,28,,,0,,41,0,47,0,54,,1246973,20,50,,95,0,,False,,,,,,,11,12539,30197102,201,3019710
42.49, Monta Ellis,SG,IND,@HOU,  ,25,30.34,916.0,34.7,-7.4,0.6,8.0,22.9,37.8,,,21.1,20.91,0.3,13.55,0,0,0,-4,207.0,102.8,104.3,1.5,75,0.5,,50,2,-0.1,"Josh Tiven, Lauren Holtkamp, Monty McCutchen",,52,32,66,,,0,,60,0,42,25,35,,1247008,47,72,,89,0,,False,,,,,,,11,12031,30197301,201,3019730
42.2, Karl-Anthony Towns,C,MIN,DAL,  ,32,38.79,934.4,32.1,-8.9,2.4,15.1,29.9,44.7,,,22.2,22.82,0.1,21.79,0,0,2,12,199.0,97.3,101.8,4.5,43,-0.5,,50,2,0.0,"Dedric Taylor, Derek Richardson, Mike Callahan",,74,9,80,,,0,,81,0,43,26,30,,1246904,21,85,,5,0,,False,,,,,,,11,12061,30196902,201,3019690
41.7, Marc Gasol,C,MEM,BOS,  ,33,40.0,957.6,36.2,-8.4,1.2,17.4,31.6,45.8,,,22.2,25.61,4.9,17.08,0,0,1,-3,191.5,94.3,97.3,3.0,25,-1.2,,50,2,0.2,"Ed Malloy, Eric Lewis, J.T. Orr",,58,5,82,,,0,,88,0,45,27,31,,1246997,42,88,,9,0,,False,,,,,,,11,12178,30197202,201,3019720
41.23, CJ McCollum,SG,POR,OKC,  ,38,46.04,865.8,36.5,-13.1,5.9,20.0,32.9,45.8,,,26.2,27.17,1.6,18.31,0,0,8,15,215.0,103.8,111.3,7.5,79,0.5,,50,2,-0.1,"Curtis Blair, Derrick Collins, Scott Foster",,92,50,82,,,0,,91,0,39,27,7,,1247118,25,91,,0,0,,False,,,,,,,11,12451,30197602,201,3019760
41.19, Paul George,PF,IND,@HOU,  ,47,56.92,814.9,33.6,-18.6,4.1,24.9,38.3,51.7,,,29.7,31.31,0.3,21.03,0,0,-3,18,207.0,102.8,104.3,1.5,75,0.5,,50,2,-0.1,"Josh Tiven, Lauren Holtkamp, Monty McCutchen",,84,50,92,,,0,,96,0,35,27,2,,1247016,47,96,,98,0,,False,,,,,,,11,12282,30197301,201,3019730
41.04, Nerlens Noel,PF,PHI,CLE,2H,28,33.96,864.3,27.7,-9.8,3.6,10.0,24.2,38.4,,,17.9,19.34,-4.6,14.36,0,0,2,-1,206.0,95.3,111.3,16.0,32,0.3,,50,1,0.2,"Mark Lindsay, Scott Twardoski, Tony Brothers",,82,26,68,,,0,,65,0,38,25,29,,1246969,20,76,,5,0,,False,,,,,,,11,12443,30197102,201,3019710
40.73, Myles Turner,C,IND,@HOU,  ,10,12.21,860.0,10.5,-3.6,-4.8,0.2,8.6,17.0,,,,17.94,0.3,,0,0,0,-1,207.0,102.8,104.3,1.5,75,0.5,,50,2,-0.1,"Josh Tiven, Lauren Holtkamp, Monty McCutchen",,8,91,8,,,0,,12,0,38,0,57,,1247009,47,32,,89,0,,False,,,,,,,11,12071,30197301,201,3019730
40.58, Kristaps Porzingis,PF,NY,MIL,  ,32,38.79,890.6,30.9,-10.3,1.5,14.2,28.5,42.8,,,22.4,23.42,0.1,18.13,0,0,-4,22,197.5,101.5,96.0,-5.5,69,-2.0,,50,2,-0.2,"Bill Kennedy, David Guthrie, Eli Roe",,62,4,77,,,0,,78,0,40,26,28,,1247060,54,83,,99,0,,False,,,,,,,11,12577,30197402,201,3019740
40.48, Russell Westbrook,PG,OKC,@POR,  ,59,71.42,833.9,34.8,-22.2,4.2,33.5,49.2,64.9,,,34.8,33.54,-1.6,29.88,0,0,3,13,215.0,111.3,103.8,-7.5,96,1.0,,50,2,-0.1,"Curtis Blair, Derrick Collins, Scott Foster",,85,50,99,,,0,,100,0,37,27,1,,1247096,75,100,,1,0,,False,,,,,,,11,12188,30197601,201,3019760
40.18, Carmelo Anthony,SF,NY,MIL,  ,41,49.67,914.6,37.2,-12.2,0.9,24.4,37.5,50.6,,,28.4,27.71,0.1,20.85,0,0,2,4,197.5,101.5,96.0,-5.5,69,-2.0,,50,2,-0.2,"Bill Kennedy, David Guthrie, Eli Roe",,57,0,90,,,0,,96,0,42,28,26,,1247062,54,96,,5,0,,False,,,,,,,11,12625,30197402,201,3019740
39.92, Kevin Love,PF,CLE,@PHI,  ,37,44.84,921.6,31.0,-10.7,-1.1,19.7,34.1,48.5,,,22.4,23.84,4.6,20.31,0,0,-4,7,206.0,111.3,95.3,-16.0,96,1.8,,50,2,0.2,"Mark Lindsay, Scott Twardoski, Tony Brothers",,38,0,88,,,0,,91,0,42,27,27,,1246947,80,93,,99,0,,False,,,,,,,11,12189,30197101,201,3019710
39.76, LeBron James,SF,CLE,@PHI,  ,52,62.96,761.5,30.7,-23.4,7.5,25.8,39.6,53.4,,,32.2,31.8,4.6,26.63,0,0,2,4,206.0,111.3,95.3,-16.0,96,1.8,,50,2,0.2,"Mark Lindsay, Scott Twardoski, Tony Brothers",,95,50,93,,,0,,96,0,33,26,1,,1246956,80,97,,5,0,,False,,,,,,,11,12624,30197101,201,3019710
39.67, Jordan Hill,PF,IND,@HOU,  ,16,19.46,837.5,15.3,-6.1,4.1,2.1,13.4,24.7,,,18.8,20.24,0.3,17.69,0,0,4,-3,207.0,102.8,104.3,1.5,75,0.5,,50,2,-0.1,"Josh Tiven, Lauren Holtkamp, Monty McCutchen",,84,46,24,,,0,,27,0,37,0,41,,1247014,47,44,,0,0,,False,,,,,,,11,12232,30197301,201,3019730
39.46, Dirk Nowitzki,PF,DAL,@MIN,  ,29,35.17,962.1,30.3,-7.3,-3.9,13.4,27.9,42.6,,,22.4,25.08,-0.1,20.15,0,0,-2,2,199.0,101.8,97.3,-4.5,70,0.0,,50,2,0.0,"Dedric Taylor, Derek Richardson, Mike Callahan",,13,9,76,,,0,,77,0,46,26,35,,1246893,79,82,,95,0,,False,,,,,,,11,12120,30196901,201,3019690
39.46, Richaun Holmes,PF,PHI,CLE,2H,10,12.21,570.0,8.1,-6.5,3.6,-0.1,5.7,11.5,,,16.0,14.4,-4.6,18.52,0,0,0,0,206.0,95.3,111.3,16.0,32,0.3,,50,1,0.2,"Mark Lindsay, Scott Twardoski, Tony Brothers",,82,91,3,,,0,,10,0,27,0,39,,1246963,20,27,,89,0,,False,,,,,,,11,12062,30197102,201,3019710
39.43, Evan Turner,SF,BOS,@MEM,  ,21,25.5,833.3,26.6,-8.0,-1.0,5.9,17.5,29.1,,,19.4,17.77,-4.9,12.39,0,0,2,-3,191.5,97.3,94.3,-3.0,43,-0.2,,50,3,0.2,"Ed Malloy, Eric Lewis, J.T. Orr",,38,90,37,,,0,,46,0,37,0,32,,1246983,58,56,,5,0,,False,,,,,,,11,12274,30197201,201,3019720
39.33, Johnny O'Bryant,PF,MIL,@NY,  ,10,12.21,840.0,16.2,-3.8,-4.9,-0.7,8.4,17.5,,,12.9,14.76,-0.1,9.32,0,0,0,0,197.5,96.0,101.5,5.5,36,-3.0,,50,2,-0.2,"Bill Kennedy, David Guthrie, Eli Roe",,8,89,10,,,0,,3,0,37,0,55,,1247047,46,30,,89,0,,False,,,,,,,11,12556,30197401,201,3019740
39.23, Julius Randle,PF,LAL,UTA,  ,23,27.92,969.6,25.6,-5.6,-6.8,8.4,22.3,36.2,,,21.2,22.55,-5.3,13.37,0,0,-2,5,192.0,94.8,97.3,2.5,28,-1.5,,50,2,0.1,"Brett Nansel, John Goble, Kevin Scott",,5,13,62,,,0,,61,0,47,25,43,,1247148,27,70,,95,0,,False,,,,,,,11,12553,30197702,201,3019770
39.21, Kendall Marshall,PG,PHI,CLE,2H,10,12.21,630.0,8.1,-5.9,2.1,0.4,6.3,12.2,,,,16.17,-4.6,,0,0,0,0,206.0,95.3,111.3,16.0,32,0.3,,50,1,0.2,"Mark Lindsay, Scott Twardoski, Tony Brothers",,69,88,4,,,0,,13,0,29,0,41,,1246967,20,28,,89,0,,False,,,,,,,11,12381,30197102,201,3019710
37.93, Montrezl Harrell,PF,HOU,IND,  ,10,12.21,430.0,7.1,-7.9,6.1,-0.1,4.3,8.7,,,,13.71,-0.3,,0,0,0,0,207.0,104.3,102.8,-1.5,81,1.0,,50,3,-0.1,"Josh Tiven, Lauren Holtkamp, Monty McCutchen",,92,88,1,,,0,,10,0,26,0,33,,1247021,53,25,,89,0,,False,,,,,,,11,12053,30197302,201,3019730
37.22, Avery Bradley,SG,BOS,@MEM,  ,26,31.54,873.1,31.5,-8.8,0.7,11.3,22.7,34.1,,,19.3,22.26,-4.9,13.95,0,0,0,6,191.5,97.3,94.3,-3.0,43,-0.2,,50,3,0.2,"Ed Malloy, Eric Lewis, J.T. Orr",Active,54,4,55,,,0,,69,0,39,26,30,,1246984,58,71,,89,0,,False,,,,,,,11,12291,30197201,201,3019720
37.16, Jonas Jerebko,PF,BOS,@MEM,  ,10,12.21,580.0,8.1,-6.4,1.0,0.0,5.8,11.6,,,12.9,11.77,-4.9,7.63,0,0,0,-2,191.5,97.3,94.3,-3.0,43,-0.2,,50,3,0.2,"Ed Malloy, Eric Lewis, J.T. Orr",,58,89,3,,,0,,11,0,28,0,39,,1246982,58,27,,89,0,,False,,,,,,,11,12255,30197201,201,3019720
36.9, Kevin Durant,SF,OKC,@POR,  ,51,61.75,911.8,37.6,-15.3,-6.8,31.6,46.5,61.4,,,27.5,28.96,-1.6,28.65,0,0,0,11,215.0,111.3,103.8,-7.5,96,1.0,,50,2,-0.1,"Curtis Blair, Derrick Collins, Scott Foster",,5,50,99,,,0,,100,0,42,29,6,,1247095,75,99,,89,0,,False,,,,,,,11,12157,30197601,201,3019760
36.52, Tyler Ennis,PG,MIL,@NY,  ,10,12.21,460.0,6.8,-7.6,3.3,0.1,4.6,9.1,,,,18.43,-0.1,,0,0,,0,197.5,96.0,101.5,5.5,36,-3.0,,50,2,-0.2,"Bill Kennedy, David Guthrie, Eli Roe",,79,88,1,,,0,,11,0,26,0,35,,1247046,46,26,,50,0,,False,,,,,,,11,12522,30197401,201,3019740
35.72, Zach LaVine,SG,MIN,DAL,  ,17,20.67,764.7,15.2,-7.7,-3.7,2.2,13.0,23.8,,,26.7,26.6,0.1,13.96,0,0,-2,-5,199.0,97.3,101.8,4.5,43,-0.5,,50,2,0.0,"Dedric Taylor, Derek Richardson, Mike Callahan",,14,89,23,,,0,,27,0,33,0,34,,1246911,21,43,,95,0,,False,,,,,,,11,12521,30196902,201,3019690
35.67, Isaiah Thomas,PG,BOS,@MEM,  ,38,46.04,865.8,32.7,-13.1,1.9,19.5,32.9,46.3,,,28.6,29.89,-4.9,20.91,0,0,0,11,191.5,97.3,94.3,-3.0,43,-0.2,,50,3,0.2,"Ed Malloy, Eric Lewis, J.T. Orr",,67,0,84,,,0,,91,0,39,27,7,,1246985,58,91,,89,0,,False,,,,,,,11,12360,30197201,201,3019720
34.91, James Harden,SG,HOU,IND,  ,54,65.38,838.9,34.4,-20.1,-4.0,30.4,45.3,60.2,,,32.4,34.41,-0.3,24.67,0,0,0,10,207.0,104.3,102.8,-1.5,81,1.0,,50,3,-0.1,"Josh Tiven, Lauren Holtkamp, Monty McCutchen",,11,50,98,,,0,,98,0,37,27,2,,1247025,53,99,,89,0,,False,,,,,,,11,12228,30197302,201,3019730
33.42, Robert Covington,PF,PHI,CLE,2H,19,23.09,642.1,13.3,-10.9,3.6,2.3,12.2,22.1,,,20.7,24.84,-4.6,11.78,0,0,-8,-3,206.0,95.3,111.3,16.0,32,0.3,,50,1,0.2,"Mark Lindsay, Scott Twardoski, Tony Brothers",,82,32,18,,,0,,28,0,29,0,27,,1246971,20,40,,100,0,,False,,,,,,,11,12474,30197102,201,3019710
33.4, Tyler Zeller,PF,BOS,@MEM,  ,10,12.21,370.0,4.6,-8.5,1.0,-0.6,3.7,8.0,,,,17.1,-4.9,,0,0,0,-7,191.5,97.3,94.3,-3.0,43,-0.2,,50,3,0.2,"Ed Malloy, Eric Lewis, J.T. Orr",,58,88,1,,,0,,4,0,25,0,31,,1246986,58,25,,89,0,,False,,,,,,,11,12385,30197201,201,3019720
33.34, Nick Collison,PF,OKC,@POR,  ,10,12.21,630.0,9.9,-5.9,-4.1,-0.1,6.3,12.5,,,10.5,10.16,-1.6,7.24,0,0,0,-2,215.0,111.3,103.8,-7.5,96,1.0,,50,2,-0.1,"Curtis Blair, Derrick Collins, Scott Foster",,11,88,5,,,0,,10,0,29,0,41,,1247107,75,28,,89,0,,False,,,,,,,11,12630,30197601,201,3019760
33.22, Emmanuel Mudiay,PG,DEN,CHR,  ,25,30.34,752.0,24.1,-11.5,1.3,6.2,18.8,31.4,,,27.6,22.75,1.1,6.74,0,0,0,6,198.5,100.5,98.0,-2.5,63,-0.5,,50,2,0.0,"Ben Taylor, Eric Dalen, James Capers",Probable,59,11,45,,,0,,48,0,32,0,26,,1247079,42,60,,89,0,,False,,,,,,,11,12048,30197502,201,3019750
33.04, Dwight Powell,PF,DAL,@MIN,  ,11,13.42,636.4,8.8,-6.4,-3.9,,7.0,,,,17.2,18.17,-0.1,17.84,0,0,-3,1,199.0,101.8,97.3,-4.5,70,0.0,,50,2,0.0,"Dedric Taylor, Derek Richardson, Mike Callahan",,13,96,0,,,0,,0,0,29,0,39,,1246900,79,28,,98,0,,False,,,,,,,11,12550,30196901,201,3019690
32.95, Serge Ibaka,PF,OKC,@POR,  ,29,35.17,844.8,31.0,-10.7,-4.1,9.8,24.5,39.2,,,17.4,14.11,-1.6,15.62,0,0,0,1,215.0,111.3,103.8,-7.5,96,1.0,,50,2,-0.1,"Curtis Blair, Derrick Collins, Scott Foster",,11,6,70,,,0,,65,0,37,25,27,,1247098,75,76,,89,0,,False,,,,,,,11,12207,30197601,201,3019760
32.63, Alonzo Gee,SF,NO,@LAC,  ,10,12.21,440.0,8.7,-7.8,-1.2,-0.1,4.4,8.9,,,8.6,10.42,-0.4,7.11,0,0,0,0,204.0,97.3,106.8,9.5,43,-1.0,,50,2,0.0,"Brent Barnaky, Dedric Taylor, Derek Richardson, Leon Wood, Marc Davis, Mike Callahan",,38,89,1,,,0,,10,0,26,0,33,,1246926,36,25,,89,0,,False,,,,,,,11,12269,30197001,201,3019700
32.47, Nikola Pekovic,C,MIN,DAL,  ,18,21.88,766.7,15.9,-8.1,2.4,0.5,13.8,27.1,,,,22.29,0.1,,0,0,0,0,199.0,97.3,101.8,4.5,43,-0.5,,50,2,0.0,"Dedric Taylor, Derek Richardson, Mike Callahan",,74,4,30,,,0,,14,0,33,0,32,,1246906,21,44,,89,0,,False,,,,,,,11,12212,30196902,201,3019690
30.77, Joffrey Lauvergne,C,DEN,CHR,  ,10,12.21,460.0,5.7,-7.6,-6.1,-0.1,4.6,7.9,,,20.5,18.25,1.1,17.95,0,0,-2,0,198.5,100.5,98.0,-2.5,63,-0.5,,50,2,0.0,"Ben Taylor, Eric Dalen, James Capers",,5,96,1,,,0,,10,0,26,0,35,,1247088,42,26,,95,0,,False,,,,,,,11,12497,30197502,201,3019750
29.97, James Jones,SG,CLE,@PHI,  ,10,12.21,460.0,7.6,-7.6,-5.0,-0.2,4.6,6.4,,,16.1,14.22,4.6,11.04,0,0,0,0,206.0,111.3,95.3,-16.0,96,1.8,,50,2,0.2,"Mark Lindsay, Scott Twardoski, Tony Brothers",,8,88,0,,,0,,8,0,26,0,35,,1246958,80,26,,89,0,,False,,,,,,,11,12645,30197101,201,3019710
29.19, Charlie Villanueva,PF,DAL,@MIN,  ,10,12.21,320.0,3.4,-9.0,-3.9,-0.2,3.2,6.6,,,23.2,24.27,-0.1,12.33,0,0,0,0,199.0,101.8,97.3,-4.5,70,0.0,,50,2,0.0,"Dedric Taylor, Derek Richardson, Mike Callahan",,13,93,0,,,0,,8,0,25,0,30,,1246889,79,24,,89,0,,False,,,,,,,11,12015,30196901,201,3019690
28.56, Kyle Singler,SG,OKC,@POR,  ,10,12.21,180.0,3.2,-10.4,4.8,-0.1,1.8,11.3,,,13.0,12.3,-1.6,2.25,0,0,0,0,215.0,111.3,103.8,-7.5,96,1.0,,50,2,-0.1,"Curtis Blair, Derrick Collins, Scott Foster",,87,88,2,,,0,,10,0,0,0,28,,1247101,75,0,,89,0,,False,,,,,,,11,12348,30197601,201,3019760
27.27, Will Barton,SF,DEN,CHR,  ,35,42.42,697.1,26.1,-18.0,-3.1,12.5,24.4,36.3,,,22.9,23.29,1.1,18.88,0,0,10,21,198.5,100.5,98.0,-2.5,63,-0.5,,50,2,0.0,"Ben Taylor, Eric Dalen, James Capers",,17,50,62,,,0,,74,0,30,25,3,,1247085,42,76,,0,0,,False,,,,,,,11,12406,30197502,201,3019750
22.25, Kyle O'Quinn,C,NY,MIL,  ,10,12.21,270.0,2.9,-9.5,-4.1,-0.2,2.7,5.6,,,20.0,17.74,0.1,17.63,0,0,0,-3,197.5,101.5,96.0,-5.5,69,-2.0,,50,2,-0.2,"Bill Kennedy, David Guthrie, Eli Roe",,11,91,0,,,0,,8,0,0,0,29,,1247058,54,24,,89,0,,False,,,,,,,11,12413,30197402,201,3019740
21.65, Jared Cunningham,SG,CLE,@PHI,  ,10,12.21,260.0,4.8,-9.6,-5.0,-0.2,2.6,5.4,,,15.8,13.68,4.6,6.5,0,0,0,0,206.0,111.3,95.3,-16.0,96,1.8,,50,2,0.2,"Mark Lindsay, Scott Twardoski, Tony Brothers",,8,88,0,,,0,,8,0,0,0,29,,1246952,80,24,,89,0,,False,,,,,,,11,12391,30197101,201,3019710
